,id,geo_area,percent_uninsured,number_uninsured,geo_county,geo_state
0,0500000US01003,"Baldwin County, Alabama",8.1,17928,Baldwin County, Alabama
1,0500000US01015,"Calhoun County, Alabama",11.1,12279,Calhoun County, Alabama
2,0500000US01043,"Cullman County, Alabama",10.6,8744,Cullman County, Alabama
3,0500000US01049,"DeKalb County, Alabama",14.1,9923,DeKalb County, Alabama
4,0500000US01051,"Elmore County, Alabama",6.0,4499,Elmore County, Alabama
5,0500000US01055,"Etowah County, Alabama",13.2,13385,Etowah County, Alabama
6,0500000US01069,"Houston County, Alabama",12.9,13444,Houston County, Alabama
7,0500000US01073,"Jefferson County, Alabama",9.4,61650,Jefferson County, Alabama
8,0500000US01077,"Lauderdale County, Alabama",11.7,10745,Lauderdale County, Alabama
9,0500000US01081,"Lee County, Alabama",7.1,11623,Lee County, Alabama
10,0500000US01083,"Limestone County, Alabama",11.7,11163,Limestone County, Alabama
11,0500000US01089,"Madison County, Alabama",7.6,27905,Madison County, Alabama
12,0500000US01095,"Marshall County, Alabama",11.7,11196,Marshall County, Alabama
13,0500000US01097,"Mobile County, Alabama",11.3,46335,Mobile County, Alabama
14,0500000US01101,"Montgomery County, Alabama",9.5,20894,Montgomery County, Alabama
15,0500000US01103,"Morgan County, Alabama",10.2,12020,Morgan County, Alabama
16,0500000US01115,"St. Clair County, Alabama",6.0,5261,St. Clair County, Alabama
17,0500000US01117,"Shelby County, Alabama",6.7,14391,Shelby County, Alabama
18,0500000US01121,"Talladega County, Alabama",10.1,7782,Talladega County, Alabama
19,0500000US01125,"Tuscaloosa County, Alabama",7.1,14856,Tuscaloosa County, Alabama
20,0500000US01127,"Walker County, Alabama",18.3,11491,Walker County, Alabama
21,0500000US02020,"Anchorage Municipality, Alaska",10.6,29425,Anchorage Municipality, Alaska
22,0500000US02090,"Fairbanks North Star Borough, Alaska",8.2,7284,Fairbanks North Star Borough, Alaska
23,0500000US02170,"Matanuska-Susitna Borough, Alaska",13.7,14481,Matanuska-Susitna Borough, Alaska
24,0500000US04001,"Apache County, Arizona",31.4,22400,Apache County, Arizona
25,0500000US04003,"Cochise County, Arizona",7.3,8640,Cochise County, Arizona
26,0500000US04005,"Coconino County, Arizona",12.0,17074,Coconino County, Arizona
27,0500000US04013,"Maricopa County, Arizona",11.5,511760,Maricopa County, Arizona
28,0500000US04015,"Mohave County, Arizona",7.9,16436,Mohave County, Arizona
29,0500000US04017,"Navajo County, Arizona",17.5,18939,Navajo County, Arizona
30,0500000US04019,"Pima County, Arizona",10.3,105102,Pima County, Arizona
31,0500000US04021,"Pinal County, Arizona",9.4,40998,Pinal County, Arizona
32,0500000US04025,"Yavapai County, Arizona",10.7,25041,Yavapai County, Arizona
33,0500000US04027,"Yuma County, Arizona",14.0,28890,Yuma County, Arizona
34,0500000US05007,"Benton County, Arkansas",9.9,27610,Benton County, Arkansas
35,0500000US05031,"Craighead County, Arkansas",8.7,9532,Craighead County, Arkansas
36,0500000US05045,"Faulkner County, Arkansas",9.4,11721,Faulkner County, Arkansas
37,0500000US05051,"Garland County, Arkansas",11.0,10837,Garland County, Arkansas
38,0500000US05069,"Jefferson County, Arkansas",6.7,4153,Jefferson County, Arkansas
39,0500000US05085,"Lonoke County, Arkansas",8.4,6058,Lonoke County, Arkansas
40,0500000US05119,"Pulaski County, Arkansas",8.9,34125,Pulaski County, Arkansas
41,0500000US05125,"Saline County, Arkansas",8.3,10008,Saline County, Arkansas
42,0500000US05131,"Sebastian County, Arkansas",11.4,14395,Sebastian County, Arkansas
43,0500000US05143,"Washington County, Arkansas",12.8,30373,Washington County, Arkansas
44,0500000US05145,"White County, Arkansas",8.4,6564,White County, Arkansas
45,0500000US06001,"Alameda County, California",3.8,63235,Alameda County, California
46,0500000US06007,"Butte County, California",6.1,13192,Butte County, California
47,0500000US06013,"Contra Costa County, California",5.5,63065,Contra Costa County, California
48,0500000US06017,"El Dorado County, California",5.0,9574,El Dorado County, California
49,0500000US06019,"Fresno County, California",8.4,82530,Fresno County, California
50,0500000US06023,"Humboldt County, California",7.5,10078,Humboldt County, California
51,0500000US06025,"Imperial County, California",8.3,14141,Imperial County, California
52,0500000US06029,"Kern County, California",8.0,69555,Kern County, California
53,0500000US06031,"Kings County, California",8.2,11049,Kings County, California
54,0500000US06033,"Lake County, California",5.6,3591,Lake County, California
55,0500000US06037,"Los Angeles County, California",9.9,981687,Los Angeles County, California
56,0500000US06039,"Madera County, California",7.9,11655,Madera County, California
57,0500000US06041,"Marin County, California",4.0,10239,Marin County, California
58,0500000US06045,"Mendocino County, California",7.1,6100,Mendocino County, California
59,0500000US06047,"Merced County, California",11.7,32243,Merced County, California
60,0500000US06053,"Monterey County, California",9.7,40447,Monterey County, California
61,0500000US06055,"Napa County, California",6.6,8963,Napa County, California
62,0500000US06057,"Nevada County, California",5.3,5280,Nevada County, California
63,0500000US06059,"Orange County, California",7.7,241990,Orange County, California
64,0500000US06061,"Placer County, California",4.2,16801,Placer County, California
65,0500000US06065,"Riverside County, California",8.7,212909,Riverside County, California
66,0500000US06067,"Sacramento County, California",5.8,88687,Sacramento County, California
67,0500000US06071,"San Bernardino County, California",9.1,193962,San Bernardino County, California
68,0500000US06073,"San Diego County, California",8.0,259380,San Diego County, California
69,0500000US06075,"San Francisco County, California",3.8,33005,San Francisco County, California
70,0500000US06077,"San Joaquin County, California",6.8,50718,San Joaquin County, California
71,0500000US06079,"San Luis Obispo County, California",5.8,16106,San Luis Obispo County, California
72,0500000US06081,"San Mateo County, California",4.6,34804,San Mateo County, California
73,0500000US06083,"Santa Barbara County, California",10.8,47293,Santa Barbara County, California
74,0500000US06085,"Santa Clara County, California",4.6,88766,Santa Clara County, California
75,0500000US06087,"Santa Cruz County, California",5.3,14392,Santa Cruz County, California
76,0500000US06089,"Shasta County, California",7.1,12642,Shasta County, California
77,0500000US06095,"Solano County, California",4.7,20574,Solano County, California
78,0500000US06097,"Sonoma County, California",5.8,28615,Sonoma County, California
79,0500000US06099,"Stanislaus County, California",6.6,36160,Stanislaus County, California
80,0500000US06101,"Sutter County, California",5.1,4895,Sutter County, California
81,0500000US06103,"Tehama County, California",5.0,3217,Tehama County, California
82,0500000US06107,"Tulare County, California",7.1,32789,Tulare County, California
83,0500000US06111,"Ventura County, California",9.4,78828,Ventura County, California
84,0500000US06113,"Yolo County, California",4.1,8966,Yolo County, California
85,0500000US06115,"Yuba County, California",7.8,5968,Yuba County, California
86,0500000US08001,"Adams County, Colorado",10.3,52794,Adams County, Colorado
87,0500000US08005,"Arapahoe County, Colorado",8.8,57260,Arapahoe County, Colorado
88,0500000US08013,"Boulder County, Colorado",5.4,17413,Boulder County, Colorado
89,0500000US08014,"Broomfield County, Colorado",5.0,3474,Broomfield County, Colorado
90,0500000US08031,"Denver County, Colorado",8.5,61600,Denver County, Colorado
91,0500000US08035,"Douglas County, Colorado",3.1,10998,Douglas County, Colorado
92,0500000US08041,"El Paso County, Colorado",8.2,56828,El Paso County, Colorado
93,0500000US08059,"Jefferson County, Colorado",6.3,36505,Jefferson County, Colorado
94,0500000US08069,"Larimer County, Colorado",5.8,20611,Larimer County, Colorado
95,0500000US08077,"Mesa County, Colorado",9.9,15194,Mesa County, Colorado
96,0500000US08101,"Pueblo County, Colorado",7.3,11993,Pueblo County, Colorado
97,0500000US08123,"Weld County, Colorado",10.0,32279,Weld County, Colorado
98,0500000US09001,"Fairfield County, Connecticut",9.1,85243,Fairfield County, Connecticut
99,0500000US09003,"Hartford County, Connecticut",4.3,37722,Hartford County, Connecticut
100,0500000US09005,"Litchfield County, Connecticut",4.7,8469,Litchfield County, Connecticut
101,0500000US09007,"Middlesex County, Connecticut",3.3,5310,Middlesex County, Connecticut
102,0500000US09009,"New Haven County, Connecticut",5.9,49554,New Haven County, Connecticut
103,0500000US09011,"New London County, Connecticut",4.6,11600,New London County, Connecticut
104,0500000US09013,"Tolland County, Connecticut",2.5,3760,Tolland County, Connecticut
105,0500000US09015,"Windham County, Connecticut",4.8,5526,Windham County, Connecticut
106,0500000US10001,"Kent County, Delaware",9.0,15744,Kent County, Delaware
107,0500000US10003,"New Castle County, Delaware",5.2,28647,New Castle County, Delaware
108,0500000US10005,"Sussex County, Delaware",8.0,18379,Sussex County, Delaware
109,0500000US11001,"District of Columbia, District of Columbia",3.5,24506,District of Columbia, District of Columbia
110,0500000US12001,"Alachua County, Florida",8.8,23467,Alachua County, Florida
111,0500000US12005,"Bay County, Florida",12.6,21446,Bay County, Florida
112,0500000US12009,"Brevard County, Florida",10.6,63185,Brevard County, Florida
113,0500000US12011,"Broward County, Florida",15.3,297833,Broward County, Florida
114,0500000US12015,"Charlotte County, Florida",10.9,20280,Charlotte County, Florida
115,0500000US12017,"Citrus County, Florida",11.9,17476,Citrus County, Florida
116,0500000US12019,"Clay County, Florida",9.6,20879,Clay County, Florida
117,0500000US12021,"Collier County, Florida",13.1,50365,Collier County, Florida
118,0500000US12023,"Columbia County, Florida",15.7,10514,Columbia County, Florida
119,0500000US12031,"Duval County, Florida",12.7,118408,Duval County, Florida
120,0500000US12033,"Escambia County, Florida",12.7,38350,Escambia County, Florida
121,0500000US12035,"Flagler County, Florida",13.2,15121,Flagler County, Florida
122,0500000US12053,"Hernando County, Florida",11.8,22599,Hernando County, Florida
123,0500000US12055,"Highlands County, Florida",11.6,12176,Highlands County, Florida
124,0500000US12057,"Hillsborough County, Florida",13.1,190933,Hillsborough County, Florida
125,0500000US12061,"Indian River County, Florida",13.2,20930,Indian River County, Florida
126,0500000US12069,"Lake County, Florida",11.1,40428,Lake County, Florida
127,0500000US12071,"Lee County, Florida",12.2,93332,Lee County, Florida
128,0500000US12073,"Leon County, Florida",9.3,26916,Leon County, Florida
129,0500000US12081,"Manatee County, Florida",12.3,49298,Manatee County, Florida
130,0500000US12083,"Marion County, Florida",12.5,44765,Marion County, Florida
131,0500000US12085,"Martin County, Florida",8.6,13569,Martin County, Florida
132,0500000US12086,"Miami-Dade County, Florida",16.3,438779,Miami-Dade County, Florida
133,0500000US12087,"Monroe County, Florida",20.4,14641,Monroe County, Florida
134,0500000US12089,"Nassau County, Florida",8.5,7411,Nassau County, Florida
135,0500000US12091,"Okaloosa County, Florida",13.5,26718,Okaloosa County, Florida
136,0500000US12095,"Orange County, Florida",13.4,185446,Orange County, Florida
137,0500000US12097,"Osceola County, Florida",13.3,49904,Osceola County, Florida
138,0500000US12099,"Palm Beach County, Florida",13.9,206580,Palm Beach County, Florida
139,0500000US12101,"Pasco County, Florida",12.9,70625,Pasco County, Florida
140,0500000US12103,"Pinellas County, Florida",11.4,110180,Pinellas County, Florida
141,0500000US12105,"Polk County, Florida",13.9,99373,Polk County, Florida
142,0500000US12107,"Putnam County, Florida",16.1,11831,Putnam County, Florida
143,0500000US12109,"St. Johns County, Florida",8.5,22308,St. Johns County, Florida
144,0500000US12111,"St. Lucie County, Florida",14.3,46497,St. Lucie County, Florida
145,0500000US12113,"Santa Rosa County, Florida",10.4,18011,Santa Rosa County, Florida
146,0500000US12115,"Sarasota County, Florida",10.7,46148,Sarasota County, Florida
147,0500000US12117,"Seminole County, Florida",9.1,42689,Seminole County, Florida
148,0500000US12119,"Sumter County, Florida",7.1,8705,Sumter County, Florida
149,0500000US12127,"Volusia County, Florida",13.2,72103,Volusia County, Florida
150,0500000US12131,"Walton County, Florida",12.5,9072,Walton County, Florida
151,0500000US13013,"Barrow County, Georgia",13.8,11469,Barrow County, Georgia
152,0500000US13015,"Bartow County, Georgia",15.8,16820,Bartow County, Georgia
153,0500000US13021,"Bibb County, Georgia",12.9,19423,Bibb County, Georgia
154,0500000US13031,"Bulloch County, Georgia",12.9,10225,Bulloch County, Georgia
155,0500000US13045,"Carroll County, Georgia",15.4,18340,Carroll County, Georgia
156,0500000US13047,"Catoosa County, Georgia",8.1,5406,Catoosa County, Georgia
157,0500000US13051,"Chatham County, Georgia",15.8,44173,Chatham County, Georgia
158,0500000US13057,"Cherokee County, Georgia",12.3,31674,Cherokee County, Georgia
159,0500000US13059,"Clarke County, Georgia",12.7,16243,Clarke County, Georgia
160,0500000US13063,"Clayton County, Georgia",18.9,54503,Clayton County, Georgia
161,0500000US13067,"Cobb County, Georgia",12.8,97012,Cobb County, Georgia
162,0500000US13073,"Columbia County, Georgia",9.0,13877,Columbia County, Georgia
163,0500000US13077,"Coweta County, Georgia",8.5,12613,Coweta County, Georgia
164,0500000US13089,"DeKalb County, Georgia",14.3,107654,DeKalb County, Georgia
165,0500000US13095,"Dougherty County, Georgia",18.5,15847,Dougherty County, Georgia
166,0500000US13097,"Douglas County, Georgia",11.4,16561,Douglas County, Georgia
167,0500000US13113,"Fayette County, Georgia",8.3,9386,Fayette County, Georgia
168,0500000US13115,"Floyd County, Georgia",14.8,14273,Floyd County, Georgia
169,0500000US13117,"Forsyth County, Georgia",8.1,19671,Forsyth County, Georgia
170,0500000US13121,"Fulton County, Georgia",8.8,92787,Fulton County, Georgia
171,0500000US13127,"Glynn County, Georgia",15.6,13138,Glynn County, Georgia
172,0500000US13135,"Gwinnett County, Georgia",16.6,154298,Gwinnett County, Georgia
173,0500000US13139,"Hall County, Georgia",18.4,37478,Hall County, Georgia
174,0500000US13151,"Henry County, Georgia",9.2,21372,Henry County, Georgia
175,0500000US13153,"Houston County, Georgia",12.3,18767,Houston County, Georgia
176,0500000US13157,"Jackson County, Georgia",11.7,8455,Jackson County, Georgia
177,0500000US13185,"Lowndes County, Georgia",18.0,20183,Lowndes County, Georgia
178,0500000US13215,"Muscogee County, Georgia",10.5,19524,Muscogee County, Georgia
179,0500000US13217,"Newton County, Georgia",16.0,17780,Newton County, Georgia
180,0500000US13223,"Paulding County, Georgia",13.6,22789,Paulding County, Georgia
181,0500000US13245,"Richmond County, Georgia",11.0,20969,Richmond County, Georgia
182,0500000US13247,"Rockdale County, Georgia",15.5,13956,Rockdale County, Georgia
183,0500000US13255,"Spalding County, Georgia",14.0,9166,Spalding County, Georgia
184,0500000US13285,"Troup County, Georgia",14.5,9922,Troup County, Georgia
185,0500000US13295,"Walker County, Georgia",14.0,9528,Walker County, Georgia
186,0500000US13297,"Walton County, Georgia",13.8,12892,Walton County, Georgia
187,0500000US13313,"Whitfield County, Georgia",16.3,16899,Whitfield County, Georgia
188,0500000US15001,"Hawaii County, Hawaii",4.4,8796,Hawaii County, Hawaii
189,0500000US15003,"Honolulu County, Hawaii",3.6,33507,Honolulu County, Hawaii
190,0500000US15007,"Kauai County, Hawaii",5.1,3640,Kauai County, Hawaii
191,0500000US15009,"Maui County, Hawaii",6.3,10536,Maui County, Hawaii
192,0500000US16001,"Ada County, Idaho",8.7,41175,Ada County, Idaho
193,0500000US16005,"Bannock County, Idaho",9.7,8399,Bannock County, Idaho
194,0500000US16019,"Bonneville County, Idaho",8.2,9697,Bonneville County, Idaho
195,0500000US16027,"Canyon County, Idaho",13.0,29711,Canyon County, Idaho
196,0500000US16055,"Kootenai County, Idaho",11.1,18231,Kootenai County, Idaho
197,0500000US16083,"Twin Falls County, Idaho",11.1,9600,Twin Falls County, Idaho
198,0500000US17001,"Adams County, Illinois",6.0,3845,Adams County, Illinois
199,0500000US17019,"Champaign County, Illinois",4.3,8999,Champaign County, Illinois
200,0500000US17031,"Cook County, Illinois",9.5,483994,Cook County, Illinois
201,0500000US17037,"DeKalb County, Illinois",5.9,6096,DeKalb County, Illinois
202,0500000US17043,"DuPage County, Illinois",5.3,48337,DuPage County, Illinois
203,0500000US17089,"Kane County, Illinois",7.9,41640,Kane County, Illinois
204,0500000US17091,"Kankakee County, Illinois",5.0,5436,Kankakee County, Illinois
205,0500000US17093,"Kendall County, Illinois",6.0,7720,Kendall County, Illinois
206,0500000US17097,"Lake County, Illinois",7.2,48709,Lake County, Illinois
207,0500000US17099,"LaSalle County, Illinois",3.5,3650,LaSalle County, Illinois
208,0500000US17111,"McHenry County, Illinois",6.6,20125,McHenry County, Illinois
209,0500000US17113,"McLean County, Illinois",4.8,8230,McLean County, Illinois
210,0500000US17115,"Macon County, Illinois",4.9,4958,Macon County, Illinois
211,0500000US17119,"Madison County, Illinois",5.2,13408,Madison County, Illinois
212,0500000US17143,"Peoria County, Illinois",6.8,12087,Peoria County, Illinois
213,0500000US17161,"Rock Island County, Illinois",6.3,8749,Rock Island County, Illinois
214,0500000US17163,"St. Clair County, Illinois",6.8,17226,St. Clair County, Illinois
215,0500000US17167,"Sangamon County, Illinois",4.7,9057,Sangamon County, Illinois
216,0500000US17179,"Tazewell County, Illinois",4.9,6322,Tazewell County, Illinois
217,0500000US17183,"Vermilion County, Illinois",5.0,3638,Vermilion County, Illinois
218,0500000US17197,"Will County, Illinois",5.9,40058,Will County, Illinois
219,0500000US17199,"Williamson County, Illinois",7.0,4492,Williamson County, Illinois
220,0500000US17201,"Winnebago County, Illinois",5.8,16139,Winnebago County, Illinois
221,0500000US18003,"Allen County, Indiana",8.3,31081,Allen County, Indiana
222,0500000US18005,"Bartholomew County, Indiana",5.7,4705,Bartholomew County, Indiana
223,0500000US18011,"Boone County, Indiana",5.1,3458,Boone County, Indiana
224,0500000US18019,"Clark County, Indiana",5.9,6840,Clark County, Indiana
225,0500000US18035,"Delaware County, Indiana",9.4,10587,Delaware County, Indiana
226,0500000US18039,"Elkhart County, Indiana",15.7,32032,Elkhart County, Indiana
227,0500000US18043,"Floyd County, Indiana",5.9,4522,Floyd County, Indiana
228,0500000US18053,"Grant County, Indiana",9.2,5963,Grant County, Indiana
229,0500000US18057,"Hamilton County, Indiana",4.3,14411,Hamilton County, Indiana
230,0500000US18059,"Hancock County, Indiana",4.0,3108,Hancock County, Indiana
231,0500000US18063,"Hendricks County, Indiana",7.2,12214,Hendricks County, Indiana
232,0500000US18067,"Howard County, Indiana",11.7,9576,Howard County, Indiana
233,0500000US18081,"Johnson County, Indiana",6.4,9975,Johnson County, Indiana
234,0500000US18085,"Kosciusko County, Indiana",10.2,8030,Kosciusko County, Indiana
235,0500000US18089,"Lake County, Indiana",7.9,37901,Lake County, Indiana
236,0500000US18091,"LaPorte County, Indiana",7.8,8020,LaPorte County, Indiana
237,0500000US18095,"Madison County, Indiana",9.9,12265,Madison County, Indiana
238,0500000US18097,"Marion County, Indiana",10.7,102360,Marion County, Indiana
239,0500000US18105,"Monroe County, Indiana",5.1,7515,Monroe County, Indiana
240,0500000US18109,"Morgan County, Indiana",8.7,6072,Morgan County, Indiana
241,0500000US18127,"Porter County, Indiana",6.3,10559,Porter County, Indiana
242,0500000US18141,"St. Joseph County, Indiana",7.8,21010,St. Joseph County, Indiana
243,0500000US18157,"Tippecanoe County, Indiana",6.5,12648,Tippecanoe County, Indiana
244,0500000US18163,"Vanderburgh County, Indiana",9.2,16381,Vanderburgh County, Indiana
245,0500000US18167,"Vigo County, Indiana",7.2,7455,Vigo County, Indiana
246,0500000US18177,"Wayne County, Indiana",13.0,8385,Wayne County, Indiana
247,0500000US19013,"Black Hawk County, Iowa",3.5,4511,Black Hawk County, Iowa
248,0500000US19049,"Dallas County, Iowa",3.3,3046,Dallas County, Iowa
249,0500000US19061,"Dubuque County, Iowa",4.2,4054,Dubuque County, Iowa
250,0500000US19103,"Johnson County, Iowa",7.9,11773,Johnson County, Iowa
251,0500000US19113,"Linn County, Iowa",4.4,9811,Linn County, Iowa
252,0500000US19153,"Polk County, Iowa",5.0,24178,Polk County, Iowa
253,0500000US19155,"Pottawattamie County, Iowa",6.5,5964,Pottawattamie County, Iowa
254,0500000US19163,"Scott County, Iowa",5.6,9617,Scott County, Iowa
255,0500000US19169,"Story County, Iowa",6.6,6361,Story County, Iowa
256,0500000US19193,"Woodbury County, Iowa",5.8,5957,Woodbury County, Iowa
257,0500000US20015,"Butler County, Kansas",8.8,5663,Butler County, Kansas
258,0500000US20045,"Douglas County, Kansas",6.5,7869,Douglas County, Kansas
259,0500000US20091,"Johnson County, Kansas",6.1,36471,Johnson County, Kansas
260,0500000US20103,"Leavenworth County, Kansas",7.7,5761,Leavenworth County, Kansas
261,0500000US20161,"Riley County, Kansas",9.4,6367,Riley County, Kansas
262,0500000US20173,"Sedgwick County, Kansas",10.7,54616,Sedgwick County, Kansas
263,0500000US20177,"Shawnee County, Kansas",6.5,11182,Shawnee County, Kansas
264,0500000US20209,"Wyandotte County, Kansas",18.5,30356,Wyandotte County, Kansas
265,0500000US21015,"Boone County, Kentucky",5.8,7667,Boone County, Kentucky
266,0500000US21029,"Bullitt County, Kentucky",4.3,3519,Bullitt County, Kentucky
267,0500000US21037,"Campbell County, Kentucky",4.4,4095,Campbell County, Kentucky
268,0500000US21047,"Christian County, Kentucky",12.0,7233,Christian County, Kentucky
269,0500000US21059,"Daviess County, Kentucky",7.6,7572,Daviess County, Kentucky
270,0500000US21067,"Fayette County, Kentucky",7.6,24137,Fayette County, Kentucky
271,0500000US21093,"Hardin County, Kentucky",5.1,5460,Hardin County, Kentucky
272,0500000US21111,"Jefferson County, Kentucky",5.9,44996,Jefferson County, Kentucky
273,0500000US21117,"Kenton County, Kentucky",5.7,9421,Kenton County, Kentucky
274,0500000US21145,"McCracken County, Kentucky",7.5,4778,McCracken County, Kentucky
275,0500000US21151,"Madison County, Kentucky",4.5,4152,Madison County, Kentucky
276,0500000US21185,"Oldham County, Kentucky",3.8,2375,Oldham County, Kentucky
277,0500000US21227,"Warren County, Kentucky",6.9,9138,Warren County, Kentucky
278,0500000US22005,"Ascension Parish, Louisiana",6.3,7877,Ascension Parish, Louisiana
279,0500000US22015,"Bossier Parish, Louisiana",11.8,14191,Bossier Parish, Louisiana
280,0500000US22017,"Caddo Parish, Louisiana",8.8,20678,Caddo Parish, Louisiana
281,0500000US22019,"Calcasieu Parish, Louisiana",8.0,16192,Calcasieu Parish, Louisiana
282,0500000US22033,"East Baton Rouge Parish, Louisiana",10.4,45632,East Baton Rouge Parish, Louisiana
283,0500000US22045,"Iberia Parish, Louisiana",11.2,7718,Iberia Parish, Louisiana
284,0500000US22051,"Jefferson Parish, Louisiana",11.0,47230,Jefferson Parish, Louisiana
285,0500000US22055,"Lafayette Parish, Louisiana",6.9,16599,Lafayette Parish, Louisiana
286,0500000US22057,"Lafourche Parish, Louisiana",8.9,8605,Lafourche Parish, Louisiana
287,0500000US22063,"Livingston Parish, Louisiana",8.7,12187,Livingston Parish, Louisiana
288,0500000US22071,"Orleans Parish, Louisiana",8.6,33217,Orleans Parish, Louisiana
289,0500000US22073,"Ouachita Parish, Louisiana",8.9,13166,Ouachita Parish, Louisiana
290,0500000US22079,"Rapides Parish, Louisiana",9.9,12567,Rapides Parish, Louisiana
291,0500000US22097,"St. Landry Parish, Louisiana",8.1,6563,St. Landry Parish, Louisiana
292,0500000US22103,"St. Tammany Parish, Louisiana",7.9,20403,St. Tammany Parish, Louisiana
293,0500000US22105,"Tangipahoa Parish, Louisiana",9.0,11993,Tangipahoa Parish, Louisiana
294,0500000US22109,"Terrebonne Parish, Louisiana",8.4,9184,Terrebonne Parish, Louisiana
295,0500000US23001,"Androscoggin County, Maine",8.2,8745,Androscoggin County, Maine
296,0500000US23003,"Aroostook County, Maine",8.6,5668,Aroostook County, Maine
297,0500000US23005,"Cumberland County, Maine",5.0,14413,Cumberland County, Maine
298,0500000US23011,"Kennebec County, Maine",10.4,12522,Kennebec County, Maine
299,0500000US23019,"Penobscot County, Maine",9.6,14393,Penobscot County, Maine
300,0500000US23031,"York County, Maine",6.4,13104,York County, Maine
301,0500000US24001,"Allegany County, Maryland",4.9,3162,Allegany County, Maryland
302,0500000US24003,"Anne Arundel County, Maryland",3.6,20195,Anne Arundel County, Maryland
303,0500000US24005,"Baltimore County, Maryland",5.8,47158,Baltimore County, Maryland
304,0500000US24009,"Calvert County, Maryland",4.9,4488,Calvert County, Maryland
305,0500000US24013,"Carroll County, Maryland",3.3,5503,Carroll County, Maryland
306,0500000US24015,"Cecil County, Maryland",3.9,3916,Cecil County, Maryland
307,0500000US24017,"Charles County, Maryland",3.7,5955,Charles County, Maryland
308,0500000US24021,"Frederick County, Maryland",4.3,11170,Frederick County, Maryland
309,0500000US24025,"Harford County, Maryland",3.1,7915,Harford County, Maryland
310,0500000US24027,"Howard County, Maryland",4.5,14607,Howard County, Maryland
311,0500000US24031,"Montgomery County, Maryland",7.5,78204,Montgomery County, Maryland
312,0500000US24033,"Prince George's County, Maryland",9.8,88784,Prince George's County, Maryland
313,0500000US24037,"St. Mary's County, Maryland",3.2,3597,St. Mary's County, Maryland
314,0500000US24043,"Washington County, Maryland",5.2,7482,Washington County, Maryland
315,0500000US24045,"Wicomico County, Maryland",6.9,7073,Wicomico County, Maryland
316,0500000US24510,"Baltimore city, Maryland",5.8,33941,Baltimore city, Maryland
317,0500000US25001,"Barnstable County, Massachusetts",2.9,6077,Barnstable County, Massachusetts
318,0500000US25003,"Berkshire County, Massachusetts",2.9,3565,Berkshire County, Massachusetts
319,0500000US25005,"Bristol County, Massachusetts",3.0,16920,Bristol County, Massachusetts
320,0500000US25009,"Essex County, Massachusetts",3.1,24367,Essex County, Massachusetts
321,0500000US25011,"Franklin County, Massachusetts",2.3,1626,Franklin County, Massachusetts
322,0500000US25013,"Hampden County, Massachusetts",3.5,16231,Hampden County, Massachusetts
323,0500000US25015,"Hampshire County, Massachusetts",3.1,4926,Hampshire County, Massachusetts
324,0500000US25017,"Middlesex County, Massachusetts",2.7,43878,Middlesex County, Massachusetts
325,0500000US25021,"Norfolk County, Massachusetts",1.7,11938,Norfolk County, Massachusetts
326,0500000US25023,"Plymouth County, Massachusetts",2.5,13040,Plymouth County, Massachusetts
327,0500000US25025,"Suffolk County, Massachusetts",4.4,35061,Suffolk County, Massachusetts
328,0500000US25027,"Worcester County, Massachusetts",2.9,23765,Worcester County, Massachusetts
329,0500000US26005,"Allegan County, Michigan",6.6,7714,Allegan County, Michigan
330,0500000US26017,"Bay County, Michigan",4.8,4925,Bay County, Michigan
331,0500000US26021,"Berrien County, Michigan",7.5,11491,Berrien County, Michigan
332,0500000US26025,"Calhoun County, Michigan",6.0,8005,Calhoun County, Michigan
333,0500000US26037,"Clinton County, Michigan",5.8,4561,Clinton County, Michigan
334,0500000US26045,"Eaton County, Michigan",5.2,5662,Eaton County, Michigan
335,0500000US26049,"Genesee County, Michigan",5.3,21466,Genesee County, Michigan
336,0500000US26055,"Grand Traverse County, Michigan",5.8,5356,Grand Traverse County, Michigan
337,0500000US26065,"Ingham County, Michigan",5.8,16815,Ingham County, Michigan
338,0500000US26073,"Isabella County, Michigan",8.1,5651,Isabella County, Michigan
339,0500000US26075,"Jackson County, Michigan",6.0,9094,Jackson County, Michigan
340,0500000US26077,"Kalamazoo County, Michigan",5.7,14922,Kalamazoo County, Michigan
341,0500000US26081,"Kent County, Michigan",6.0,39160,Kent County, Michigan
342,0500000US26087,"Lapeer County, Michigan",6.7,5730,Lapeer County, Michigan
343,0500000US26091,"Lenawee County, Michigan",7.4,7017,Lenawee County, Michigan
344,0500000US26093,"Livingston County, Michigan",4.4,8463,Livingston County, Michigan
345,0500000US26099,"Macomb County, Michigan",5.8,50147,Macomb County, Michigan
346,0500000US26103,"Marquette County, Michigan",5.2,3390,Marquette County, Michigan
347,0500000US26111,"Midland County, Michigan",4.5,3732,Midland County, Michigan
348,0500000US26115,"Monroe County, Michigan",4.1,6088,Monroe County, Michigan
349,0500000US26121,"Muskegon County, Michigan",5.8,9868,Muskegon County, Michigan
350,0500000US26125,"Oakland County, Michigan",4.6,57024,Oakland County, Michigan
351,0500000US26139,"Ottawa County, Michigan",3.8,11152,Ottawa County, Michigan
352,0500000US26145,"Saginaw County, Michigan",3.8,7099,Saginaw County, Michigan
353,0500000US26147,"St. Clair County, Michigan",4.5,7032,St. Clair County, Michigan
354,0500000US26155,"Shiawassee County, Michigan",5.2,3527,Shiawassee County, Michigan
355,0500000US26159,"Van Buren County, Michigan",7.5,5656,Van Buren County, Michigan
356,0500000US26161,"Washtenaw County, Michigan",3.7,13372,Washtenaw County, Michigan
357,0500000US26163,"Wayne County, Michigan",6.4,110489,Wayne County, Michigan
358,0500000US27003,"Anoka County, Minnesota",4.1,14609,Anoka County, Minnesota
359,0500000US27013,"Blue Earth County, Minnesota",5.5,3642,Blue Earth County, Minnesota
360,0500000US27019,"Carver County, Minnesota",3.1,3204,Carver County, Minnesota
361,0500000US27035,"Crow Wing County, Minnesota",5.6,3576,Crow Wing County, Minnesota
362,0500000US27037,"Dakota County, Minnesota",3.7,16000,Dakota County, Minnesota
363,0500000US27053,"Hennepin County, Minnesota",4.8,59894,Hennepin County, Minnesota
364,0500000US27109,"Olmsted County, Minnesota",5.3,8253,Olmsted County, Minnesota
365,0500000US27123,"Ramsey County, Minnesota",5.8,31490,Ramsey County, Minnesota
366,0500000US27131,"Rice County, Minnesota",7.3,4716,Rice County, Minnesota
367,0500000US27137,"St. Louis County, Minnesota",3.0,5885,St. Louis County, Minnesota
368,0500000US27139,"Scott County, Minnesota",4.6,6717,Scott County, Minnesota
369,0500000US27141,"Sherburne County, Minnesota",3.0,2834,Sherburne County, Minnesota
370,0500000US27145,"Stearns County, Minnesota",5.1,8197,Stearns County, Minnesota
371,0500000US27163,"Washington County, Minnesota",3.6,9362,Washington County, Minnesota
372,0500000US27171,"Wright County, Minnesota",3.8,5248,Wright County, Minnesota
373,0500000US28033,"DeSoto County, Mississippi",8.3,15283,DeSoto County, Mississippi
374,0500000US28035,"Forrest County, Mississippi",13.8,10227,Forrest County, Mississippi
375,0500000US28047,"Harrison County, Mississippi",14.1,28036,Harrison County, Mississippi
376,0500000US28049,"Hinds County, Mississippi",14.4,33015,Hinds County, Mississippi
377,0500000US28059,"Jackson County, Mississippi",11.8,16743,Jackson County, Mississippi
378,0500000US28067,"Jones County, Mississippi",12.2,8221,Jones County, Mississippi
379,0500000US28075,"Lauderdale County, Mississippi",11.4,7951,Lauderdale County, Mississippi
380,0500000US28081,"Lee County, Mississippi",13.2,11122,Lee County, Mississippi
381,0500000US28089,"Madison County, Mississippi",7.8,8182,Madison County, Mississippi
382,0500000US28121,"Rankin County, Mississippi",12.2,18357,Rankin County, Mississippi
383,0500000US29019,"Boone County, Missouri",7.1,12803,Boone County, Missouri
384,0500000US29021,"Buchanan County, Missouri",14.7,12362,Buchanan County, Missouri
385,0500000US29031,"Cape Girardeau County, Missouri",6.9,5342,Cape Girardeau County, Missouri
386,0500000US29037,"Cass County, Missouri",8.0,8439,Cass County, Missouri
387,0500000US29043,"Christian County, Missouri",9.2,8113,Christian County, Missouri
388,0500000US29047,"Clay County, Missouri",8.3,20553,Clay County, Missouri
389,0500000US29051,"Cole County, Missouri",9.7,6942,Cole County, Missouri
390,0500000US29071,"Franklin County, Missouri",8.3,8566,Franklin County, Missouri
391,0500000US29077,"Greene County, Missouri",13.6,39398,Greene County, Missouri
392,0500000US29095,"Jackson County, Missouri",11.7,81454,Jackson County, Missouri
393,0500000US29097,"Jasper County, Missouri",16.6,20002,Jasper County, Missouri
394,0500000US29099,"Jefferson County, Missouri",8.5,19056,Jefferson County, Missouri
395,0500000US29165,"Platte County, Missouri",7.3,7513,Platte County, Missouri
396,0500000US29183,"St. Charles County, Missouri",4.8,19351,St. Charles County, Missouri
397,0500000US29187,"St. Francois County, Missouri",11.5,6999,St. Francois County, Missouri
398,0500000US29189,"St. Louis County, Missouri",5.9,57922,St. Louis County, Missouri
399,0500000US29510,"St. Louis city, Missouri",10.5,31110,St. Louis city, Missouri
400,0500000US30013,"Cascade County, Montana",6.9,5393,Cascade County, Montana
401,0500000US30029,"Flathead County, Montana",8.1,8383,Flathead County, Montana
402,0500000US30031,"Gallatin County, Montana",8.2,9373,Gallatin County, Montana
403,0500000US30049,"Lewis and Clark County, Montana",5.0,3423,Lewis and Clark County, Montana
404,0500000US30063,"Missoula County, Montana",6.1,7299,Missoula County, Montana
405,0500000US30111,"Yellowstone County, Montana",5.5,8803,Yellowstone County, Montana
406,0500000US31055,"Douglas County, Nebraska",9.6,54186,Douglas County, Nebraska
407,0500000US31109,"Lancaster County, Nebraska",7.4,23330,Lancaster County, Nebraska
408,0500000US31153,"Sarpy County, Nebraska",4.9,8946,Sarpy County, Nebraska
409,0500000US32003,"Clark County, Nevada",12.2,272755,Clark County, Nevada
410,0500000US32031,"Washoe County, Nevada",9.3,43706,Washoe County, Nevada
411,0500000US33005,"Cheshire County, New Hampshire",4.7,3541,Cheshire County, New Hampshire
412,0500000US33009,"Grafton County, New Hampshire",7.7,6857,Grafton County, New Hampshire
413,0500000US33011,"Hillsborough County, New Hampshire",6.8,28116,Hillsborough County, New Hampshire
414,0500000US33013,"Merrimack County, New Hampshire",5.6,8294,Merrimack County, New Hampshire
415,0500000US33015,"Rockingham County, New Hampshire",5.3,16381,Rockingham County, New Hampshire
416,0500000US33017,"Strafford County, New Hampshire",6.1,7840,Strafford County, New Hampshire
417,0500000US34001,"Atlantic County, New Jersey",8.7,22656,Atlantic County, New Jersey
418,0500000US34003,"Bergen County, New Jersey",6.9,64289,Bergen County, New Jersey
419,0500000US34005,"Burlington County, New Jersey",4.6,19669,Burlington County, New Jersey
420,0500000US34007,"Camden County, New Jersey",6.4,32088,Camden County, New Jersey
421,0500000US34009,"Cape May County, New Jersey",6.8,6102,Cape May County, New Jersey
422,0500000US34011,"Cumberland County, New Jersey",9.4,12982,Cumberland County, New Jersey
423,0500000US34013,"Essex County, New Jersey",11.4,89731,Essex County, New Jersey
424,0500000US34015,"Gloucester County, New Jersey",4.4,12856,Gloucester County, New Jersey
425,0500000US34017,"Hudson County, New Jersey",12.5,83573,Hudson County, New Jersey
426,0500000US34019,"Hunterdon County, New Jersey",2.9,3562,Hunterdon County, New Jersey
427,0500000US34021,"Mercer County, New Jersey",7.4,26621,Mercer County, New Jersey
428,0500000US34023,"Middlesex County, New Jersey",7.6,61803,Middlesex County, New Jersey
429,0500000US34025,"Monmouth County, New Jersey",5.2,32036,Monmouth County, New Jersey
430,0500000US34027,"Morris County, New Jersey",5.3,25984,Morris County, New Jersey
431,0500000US34029,"Ocean County, New Jersey",4.6,27421,Ocean County, New Jersey
432,0500000US34031,"Passaic County, New Jersey",14.0,69727,Passaic County, New Jersey
433,0500000US34033,"Salem County, New Jersey",5.8,3521,Salem County, New Jersey
434,0500000US34035,"Somerset County, New Jersey",6.6,21622,Somerset County, New Jersey
435,0500000US34037,"Sussex County, New Jersey",2.6,3559,Sussex County, New Jersey
436,0500000US34039,"Union County, New Jersey",12.3,67770,Union County, New Jersey
437,0500000US34041,"Warren County, New Jersey",4.6,4769,Warren County, New Jersey
438,0500000US35001,"Bernalillo County, New Mexico",8.7,58706,Bernalillo County, New Mexico
439,0500000US35005,"Chaves County, New Mexico",8.9,5662,Chaves County, New Mexico
440,0500000US35013,"Doña Ana County, New Mexico",11.0,23780,Doña Ana County, New Mexico
441,0500000US35025,"Lea County, New Mexico",12.0,8284,Lea County, New Mexico
442,0500000US35031,"McKinley County, New Mexico",27.1,19230,McKinley County, New Mexico
443,0500000US35035,"Otero County, New Mexico",8.2,4920,Otero County, New Mexico
444,0500000US35043,"Sandoval County, New Mexico",5.0,7262,Sandoval County, New Mexico
445,0500000US35045,"San Juan County, New Mexico",13.9,17005,San Juan County, New Mexico
446,0500000US35049,"Santa Fe County, New Mexico",12.0,17833,Santa Fe County, New Mexico
447,0500000US35061,"Valencia County, New Mexico",9.1,6848,Valencia County, New Mexico
448,0500000US36001,"Albany County, New York",2.6,7739,Albany County, New York
449,0500000US36005,"Bronx County, New York",7.9,110932,Bronx County, New York
450,0500000US36007,"Broome County, New York",4.3,8022,Broome County, New York
451,0500000US36009,"Cattaraugus County, New York",8.3,6232,Cattaraugus County, New York
452,0500000US36011,"Cayuga County, New York",4.0,2901,Cayuga County, New York
453,0500000US36013,"Chautauqua County, New York",5.6,7063,Chautauqua County, New York
454,0500000US36015,"Chemung County, New York",3.4,2714,Chemung County, New York
455,0500000US36019,"Clinton County, New York",3.3,2485,Clinton County, New York
456,0500000US36027,"Dutchess County, New York",5.4,15346,Dutchess County, New York
457,0500000US36029,"Erie County, New York",2.6,23953,Erie County, New York
458,0500000US36045,"Jefferson County, New York",5.0,4718,Jefferson County, New York
459,0500000US36047,"Kings County, New York",6.3,159279,Kings County, New York
460,0500000US36051,"Livingston County, New York",3.5,2145,Livingston County, New York
461,0500000US36053,"Madison County, New York",3.1,2187,Madison County, New York
462,0500000US36055,"Monroe County, New York",2.7,19809,Monroe County, New York
463,0500000US36059,"Nassau County, New York",4.3,58542,Nassau County, New York
464,0500000US36061,"New York County, New York",4.5,72468,New York County, New York
465,0500000US36063,"Niagara County, New York",2.8,5702,Niagara County, New York
466,0500000US36065,"Oneida County, New York",4.7,10459,Oneida County, New York
467,0500000US36067,"Onondaga County, New York",3.6,16305,Onondaga County, New York
468,0500000US36069,"Ontario County, New York",2.4,2577,Ontario County, New York
469,0500000US36071,"Orange County, New York",4.0,14984,Orange County, New York
470,0500000US36075,"Oswego County, New York",5.1,5916,Oswego County, New York
471,0500000US36079,"Putnam County, New York",3.0,2981,Putnam County, New York
472,0500000US36081,"Queens County, New York",9.3,208573,Queens County, New York
473,0500000US36083,"Rensselaer County, New York",2.9,4555,Rensselaer County, New York
474,0500000US36085,"Richmond County, New York",4.0,19027,Richmond County, New York
475,0500000US36087,"Rockland County, New York",4.4,14317,Rockland County, New York
476,0500000US36089,"St. Lawrence County, New York",7.0,7276,St. Lawrence County, New York
477,0500000US36091,"Saratoga County, New York",2.4,5518,Saratoga County, New York
478,0500000US36093,"Schenectady County, New York",4.1,6227,Schenectady County, New York
479,0500000US36101,"Steuben County, New York",5.3,4963,Steuben County, New York
480,0500000US36103,"Suffolk County, New York",4.3,63289,Suffolk County, New York
481,0500000US36105,"Sullivan County, New York",3.9,2863,Sullivan County, New York
482,0500000US36109,"Tompkins County, New York",3.7,3774,Tompkins County, New York
483,0500000US36111,"Ulster County, New York",4.3,7425,Ulster County, New York
484,0500000US36113,"Warren County, New York",1.7,1105,Warren County, New York
485,0500000US36117,"Wayne County, New York",2.0,1746,Wayne County, New York
486,0500000US36119,"Westchester County, New York",4.5,43159,Westchester County, New York
487,0500000US37001,"Alamance County, North Carolina",10.1,17068,Alamance County, North Carolina
488,0500000US37019,"Brunswick County, North Carolina",9.2,13108,Brunswick County, North Carolina
489,0500000US37021,"Buncombe County, North Carolina",13.3,34209,Buncombe County, North Carolina
490,0500000US37023,"Burke County, North Carolina",11.6,10259,Burke County, North Carolina
491,0500000US37025,"Cabarrus County, North Carolina",9.2,19736,Cabarrus County, North Carolina
492,0500000US37027,"Caldwell County, North Carolina",13.2,10722,Caldwell County, North Carolina
493,0500000US37031,"Carteret County, North Carolina",10.6,7232,Carteret County, North Carolina
494,0500000US37035,"Catawba County, North Carolina",16.0,25285,Catawba County, North Carolina
495,0500000US37037,"Chatham County, North Carolina",10.7,7893,Chatham County, North Carolina
496,0500000US37045,"Cleveland County, North Carolina",12.6,12325,Cleveland County, North Carolina
497,0500000US37049,"Craven County, North Carolina",11.2,10626,Craven County, North Carolina
498,0500000US37051,"Cumberland County, North Carolina",11.4,34394,Cumberland County, North Carolina
499,0500000US37057,"Davidson County, North Carolina",11.1,18514,Davidson County, North Carolina
500,0500000US37063,"Durham County, North Carolina",12.8,40573,Durham County, North Carolina
501,0500000US37067,"Forsyth County, North Carolina",12.3,46457,Forsyth County, North Carolina
502,0500000US37069,"Franklin County, North Carolina",9.4,6467,Franklin County, North Carolina
503,0500000US37071,"Gaston County, North Carolina",11.3,25066,Gaston County, North Carolina
504,0500000US37081,"Guilford County, North Carolina",10.6,56727,Guilford County, North Carolina
505,0500000US37085,"Harnett County, North Carolina",13.9,18130,Harnett County, North Carolina
506,0500000US37089,"Henderson County, North Carolina",12.3,14320,Henderson County, North Carolina
507,0500000US37097,"Iredell County, North Carolina",9.6,17412,Iredell County, North Carolina
508,0500000US37101,"Johnston County, North Carolina",12.6,26105,Johnston County, North Carolina
509,0500000US37109,"Lincoln County, North Carolina",8.3,7089,Lincoln County, North Carolina
510,0500000US37119,"Mecklenburg County, North Carolina",12.1,133726,Mecklenburg County, North Carolina
511,0500000US37125,"Moore County, North Carolina",9.4,8974,Moore County, North Carolina
512,0500000US37127,"Nash County, North Carolina",9.5,8894,Nash County, North Carolina
513,0500000US37129,"New Hanover County, North Carolina",9.9,22881,New Hanover County, North Carolina
514,0500000US37133,"Onslow County, North Carolina",9.9,16225,Onslow County, North Carolina
515,0500000US37135,"Orange County, North Carolina",6.3,9335,Orange County, North Carolina
516,0500000US37147,"Pitt County, North Carolina",9.2,16475,Pitt County, North Carolina
517,0500000US37151,"Randolph County, North Carolina",16.4,23367,Randolph County, North Carolina
518,0500000US37155,"Robeson County, North Carolina",13.1,16871,Robeson County, North Carolina
519,0500000US37157,"Rockingham County, North Carolina",10.2,9140,Rockingham County, North Carolina
520,0500000US37159,"Rowan County, North Carolina",12.2,16993,Rowan County, North Carolina
521,0500000US37161,"Rutherford County, North Carolina",11.3,7477,Rutherford County, North Carolina
522,0500000US37171,"Surry County, North Carolina",15.0,10677,Surry County, North Carolina
523,0500000US37179,"Union County, North Carolina",8.7,20841,Union County, North Carolina
524,0500000US37183,"Wake County, North Carolina",8.7,95851,Wake County, North Carolina
525,0500000US37191,"Wayne County, North Carolina",12.7,14802,Wayne County, North Carolina
526,0500000US37193,"Wilkes County, North Carolina",14.5,9797,Wilkes County, North Carolina
527,0500000US37195,"Wilson County, North Carolina",15.2,12273,Wilson County, North Carolina
528,0500000US38015,"Burleigh County, North Dakota",4.8,4526,Burleigh County, North Dakota
529,0500000US38017,"Cass County, North Dakota",5.7,10195,Cass County, North Dakota
530,0500000US38035,"Grand Forks County, North Dakota",5.0,3387,Grand Forks County, North Dakota
531,0500000US38101,"Ward County, North Dakota",7.3,4546,Ward County, North Dakota
532,0500000US39003,"Allen County, Ohio",6.5,6456,Allen County, Ohio
533,0500000US39007,"Ashtabula County, Ohio",10.1,9512,Ashtabula County, Ohio
534,0500000US39009,"Athens County, Ohio",5.2,3345,Athens County, Ohio
535,0500000US39013,"Belmont County, Ohio",6.6,4143,Belmont County, Ohio
536,0500000US39017,"Butler County, Ohio",6.5,24591,Butler County, Ohio
537,0500000US39023,"Clark County, Ohio",6.6,8755,Clark County, Ohio
538,0500000US39025,"Clermont County, Ohio",5.9,12083,Clermont County, Ohio
539,0500000US39029,"Columbiana County, Ohio",4.4,4348,Columbiana County, Ohio
540,0500000US39035,"Cuyahoga County, Ohio",5.3,65202,Cuyahoga County, Ohio
541,0500000US39041,"Delaware County, Ohio",3.7,7737,Delaware County, Ohio
542,0500000US39043,"Erie County, Ohio",7.9,5790,Erie County, Ohio
543,0500000US39045,"Fairfield County, Ohio",5.4,8371,Fairfield County, Ohio
544,0500000US39049,"Franklin County, Ohio",8.0,104601,Franklin County, Ohio
545,0500000US39055,"Geauga County, Ohio",10.4,9636,Geauga County, Ohio
546,0500000US39057,"Greene County, Ohio",5.9,9682,Greene County, Ohio
547,0500000US39061,"Hamilton County, Ohio",6.2,50483,Hamilton County, Ohio
548,0500000US39063,"Hancock County, Ohio",3.1,2311,Hancock County, Ohio
549,0500000US39081,"Jefferson County, Ohio",6.5,4176,Jefferson County, Ohio
550,0500000US39085,"Lake County, Ohio",5.9,13478,Lake County, Ohio
551,0500000US39089,"Licking County, Ohio",7.2,12600,Licking County, Ohio
552,0500000US39093,"Lorain County, Ohio",6.1,18619,Lorain County, Ohio
553,0500000US39095,"Lucas County, Ohio",6.5,27537,Lucas County, Ohio
554,0500000US39099,"Mahoning County, Ohio",5.4,12034,Mahoning County, Ohio
555,0500000US39101,"Marion County, Ohio",5.2,3130,Marion County, Ohio
556,0500000US39103,"Medina County, Ohio",4.3,7711,Medina County, Ohio
557,0500000US39109,"Miami County, Ohio",6.9,7308,Miami County, Ohio
558,0500000US39113,"Montgomery County, Ohio",7.4,38469,Montgomery County, Ohio
559,0500000US39119,"Muskingum County, Ohio",5.8,4938,Muskingum County, Ohio
560,0500000US39133,"Portage County, Ohio",5.5,8950,Portage County, Ohio
561,0500000US39139,"Richland County, Ohio",7.3,8306,Richland County, Ohio
562,0500000US39141,"Ross County, Ohio",5.6,4015,Ross County, Ohio
563,0500000US39145,"Scioto County, Ohio",6.3,4607,Scioto County, Ohio
564,0500000US39151,"Stark County, Ohio",6.2,22554,Stark County, Ohio
565,0500000US39153,"Summit County, Ohio",6.5,34509,Summit County, Ohio
566,0500000US39155,"Trumbull County, Ohio",8.6,16769,Trumbull County, Ohio
567,0500000US39157,"Tuscarawas County, Ohio",11.1,10057,Tuscarawas County, Ohio
568,0500000US39165,"Warren County, Ohio",3.3,7496,Warren County, Ohio
569,0500000US39169,"Wayne County, Ohio",15.7,17987,Wayne County, Ohio
570,0500000US39173,"Wood County, Ohio",4.1,5309,Wood County, Ohio
571,0500000US40017,"Canadian County, Oklahoma",10.4,15213,Canadian County, Oklahoma
572,0500000US40027,"Cleveland County, Oklahoma",8.0,22330,Cleveland County, Oklahoma
573,0500000US40031,"Comanche County, Oklahoma",13.5,14439,Comanche County, Oklahoma
574,0500000US40037,"Creek County, Oklahoma",10.8,7657,Creek County, Oklahoma
575,0500000US40101,"Muskogee County, Oklahoma",14.6,9503,Muskogee County, Oklahoma
576,0500000US40109,"Oklahoma County, Oklahoma",14.1,110831,Oklahoma County, Oklahoma
577,0500000US40119,"Payne County, Oklahoma",12.5,10034,Payne County, Oklahoma
578,0500000US40125,"Pottawatomie County, Oklahoma",14.8,10485,Pottawatomie County, Oklahoma
579,0500000US40131,"Rogers County, Oklahoma",11.5,10484,Rogers County, Oklahoma
580,0500000US40143,"Tulsa County, Oklahoma",14.4,93075,Tulsa County, Oklahoma
581,0500000US40145,"Wagoner County, Oklahoma",12.0,9704,Wagoner County, Oklahoma
582,0500000US41003,"Benton County, Oregon",4.7,4363,Benton County, Oregon
583,0500000US41005,"Clackamas County, Oregon",7.4,30986,Clackamas County, Oregon
584,0500000US41017,"Deschutes County, Oregon",7.0,13713,Deschutes County, Oregon
585,0500000US41019,"Douglas County, Oregon",6.7,7339,Douglas County, Oregon
586,0500000US41029,"Jackson County, Oregon",7.9,17316,Jackson County, Oregon
587,0500000US41033,"Josephine County, Oregon",12.5,10842,Josephine County, Oregon
588,0500000US41035,"Klamath County, Oregon",7.0,4715,Klamath County, Oregon
589,0500000US41039,"Lane County, Oregon",7.1,26888,Lane County, Oregon
590,0500000US41043,"Linn County, Oregon",7.3,9355,Linn County, Oregon
591,0500000US41047,"Marion County, Oregon",8.4,28593,Marion County, Oregon
592,0500000US41051,"Multnomah County, Oregon",7.2,58423,Multnomah County, Oregon
593,0500000US41053,"Polk County, Oregon",5.3,4518,Polk County, Oregon
594,0500000US41059,"Umatilla County, Oregon",7.4,5421,Umatilla County, Oregon
595,0500000US41067,"Washington County, Oregon",5.7,33821,Washington County, Oregon
596,0500000US41071,"Yamhill County, Oregon",9.6,10025,Yamhill County, Oregon
597,0500000US42001,"Adams County, Pennsylvania",6.3,6420,Adams County, Pennsylvania
598,0500000US42003,"Allegheny County, Pennsylvania",3.7,45051,Allegheny County, Pennsylvania
599,0500000US42005,"Armstrong County, Pennsylvania",4.5,2855,Armstrong County, Pennsylvania
600,0500000US42007,"Beaver County, Pennsylvania",4.3,6992,Beaver County, Pennsylvania
601,0500000US42011,"Berks County, Pennsylvania",5.4,22617,Berks County, Pennsylvania
602,0500000US42013,"Blair County, Pennsylvania",5.7,6803,Blair County, Pennsylvania
603,0500000US42017,"Bucks County, Pennsylvania",3.8,23506,Bucks County, Pennsylvania
604,0500000US42019,"Butler County, Pennsylvania",2.9,5358,Butler County, Pennsylvania
605,0500000US42021,"Cambria County, Pennsylvania",3.7,4701,Cambria County, Pennsylvania
606,0500000US42025,"Carbon County, Pennsylvania",4.5,2841,Carbon County, Pennsylvania
607,0500000US42027,"Centre County, Pennsylvania",8.2,12834,Centre County, Pennsylvania
608,0500000US42029,"Chester County, Pennsylvania",4.8,25206,Chester County, Pennsylvania
609,0500000US42033,"Clearfield County, Pennsylvania",5.7,4178,Clearfield County, Pennsylvania
610,0500000US42037,"Columbia County, Pennsylvania",4.8,3050,Columbia County, Pennsylvania
611,0500000US42039,"Crawford County, Pennsylvania",8.3,6900,Crawford County, Pennsylvania
612,0500000US42041,"Cumberland County, Pennsylvania",6.3,15433,Cumberland County, Pennsylvania
613,0500000US42043,"Dauphin County, Pennsylvania",6.7,18457,Dauphin County, Pennsylvania
614,0500000US42045,"Delaware County, Pennsylvania",4.8,27012,Delaware County, Pennsylvania
615,0500000US42049,"Erie County, Pennsylvania",4.8,12632,Erie County, Pennsylvania
616,0500000US42051,"Fayette County, Pennsylvania",4.8,6020,Fayette County, Pennsylvania
617,0500000US42055,"Franklin County, Pennsylvania",8.7,13397,Franklin County, Pennsylvania
618,0500000US42063,"Indiana County, Pennsylvania",8.2,6813,Indiana County, Pennsylvania
619,0500000US42069,"Lackawanna County, Pennsylvania",5.7,11725,Lackawanna County, Pennsylvania
620,0500000US42071,"Lancaster County, Pennsylvania",11.3,60987,Lancaster County, Pennsylvania
621,0500000US42073,"Lawrence County, Pennsylvania",5.5,4662,Lawrence County, Pennsylvania
622,0500000US42075,"Lebanon County, Pennsylvania",7.5,10542,Lebanon County, Pennsylvania
623,0500000US42077,"Lehigh County, Pennsylvania",6.7,24307,Lehigh County, Pennsylvania
624,0500000US42079,"Luzerne County, Pennsylvania",5.9,18164,Luzerne County, Pennsylvania
625,0500000US42081,"Lycoming County, Pennsylvania",6.2,6866,Lycoming County, Pennsylvania
626,0500000US42085,"Mercer County, Pennsylvania",5.7,5946,Mercer County, Pennsylvania
627,0500000US42089,"Monroe County, Pennsylvania",7.4,12547,Monroe County, Pennsylvania
628,0500000US42091,"Montgomery County, Pennsylvania",3.8,30765,Montgomery County, Pennsylvania
629,0500000US42095,"Northampton County, Pennsylvania",3.3,10073,Northampton County, Pennsylvania
630,0500000US42097,"Northumberland County, Pennsylvania",3.3,2866,Northumberland County, Pennsylvania
631,0500000US42101,"Philadelphia County, Pennsylvania",8.1,127461,Philadelphia County, Pennsylvania
632,0500000US42107,"Schuylkill County, Pennsylvania",4.0,5371,Schuylkill County, Pennsylvania
633,0500000US42111,"Somerset County, Pennsylvania",5.0,3440,Somerset County, Pennsylvania
634,0500000US42125,"Washington County, Pennsylvania",5.0,10334,Washington County, Pennsylvania
635,0500000US42129,"Westmoreland County, Pennsylvania",4.1,14193,Westmoreland County, Pennsylvania
636,0500000US42133,"York County, Pennsylvania",4.4,19375,York County, Pennsylvania
637,0500000US44003,"Kent County, Rhode Island",2.7,4470,Kent County, Rhode Island
638,0500000US44005,"Newport County, Rhode Island",5.2,4089,Newport County, Rhode Island
639,0500000US44007,"Providence County, Rhode Island",4.7,29810,Providence County, Rhode Island
640,0500000US44009,"Washington County, Rhode Island",2.8,3507,Washington County, Rhode Island
641,0500000US45003,"Aiken County, South Carolina",10.3,17412,Aiken County, South Carolina
642,0500000US45007,"Anderson County, South Carolina",11.6,23290,Anderson County, South Carolina
643,0500000US45013,"Beaufort County, South Carolina",10.0,18679,Beaufort County, South Carolina
644,0500000US45015,"Berkeley County, South Carolina",10.9,24179,Berkeley County, South Carolina
645,0500000US45019,"Charleston County, South Carolina",11.4,45986,Charleston County, South Carolina
646,0500000US45031,"Darlington County, South Carolina",10.3,6760,Darlington County, South Carolina
647,0500000US45035,"Dorchester County, South Carolina",12.1,19400,Dorchester County, South Carolina
648,0500000US45041,"Florence County, South Carolina",11.5,15639,Florence County, South Carolina
649,0500000US45045,"Greenville County, South Carolina",10.7,55418,Greenville County, South Carolina
650,0500000US45047,"Greenwood County, South Carolina",9.8,6774,Greenwood County, South Carolina
651,0500000US45051,"Horry County, South Carolina",14.9,52677,Horry County, South Carolina
652,0500000US45055,"Kershaw County, South Carolina",8.8,5772,Kershaw County, South Carolina
653,0500000US45057,"Lancaster County, South Carolina",9.4,9030,Lancaster County, South Carolina
654,0500000US45059,"Laurens County, South Carolina",15.3,10136,Laurens County, South Carolina
655,0500000US45063,"Lexington County, South Carolina",10.5,31065,Lexington County, South Carolina
656,0500000US45073,"Oconee County, South Carolina",8.9,7027,Oconee County, South Carolina
657,0500000US45075,"Orangeburg County, South Carolina",10.7,9095,Orangeburg County, South Carolina
658,0500000US45077,"Pickens County, South Carolina",8.6,10877,Pickens County, South Carolina
659,0500000US45079,"Richland County, South Carolina",9.6,37617,Richland County, South Carolina
660,0500000US45083,"Spartanburg County, South Carolina",9.7,30612,Spartanburg County, South Carolina
661,0500000US45085,"Sumter County, South Carolina",9.2,9352,Sumter County, South Carolina
662,0500000US45091,"York County, South Carolina",9.4,26236,York County, South Carolina
663,0500000US46099,"Minnehaha County, South Dakota",8.6,16434,Minnehaha County, South Dakota
664,0500000US46103,"Pennington County, South Dakota",11.0,12243,Pennington County, South Dakota
665,0500000US47001,"Anderson County, Tennessee",11.8,8981,Anderson County, Tennessee
666,0500000US47009,"Blount County, Tennessee",9.9,12961,Blount County, Tennessee
667,0500000US47011,"Bradley County, Tennessee",11.6,12362,Bradley County, Tennessee
668,0500000US47037,"Davidson County, Tennessee",11.4,78175,Davidson County, Tennessee
669,0500000US47059,"Greene County, Tennessee",12.7,8598,Greene County, Tennessee
670,0500000US47065,"Hamilton County, Tennessee",10.3,37345,Hamilton County, Tennessee
671,0500000US47093,"Knox County, Tennessee",8.4,39202,Knox County, Tennessee
672,0500000US47113,"Madison County, Tennessee",9.7,9406,Madison County, Tennessee
673,0500000US47119,"Maury County, Tennessee",9.1,8671,Maury County, Tennessee
674,0500000US47125,"Montgomery County, Tennessee",8.4,16390,Montgomery County, Tennessee
675,0500000US47141,"Putnam County, Tennessee",9.1,7214,Putnam County, Tennessee
676,0500000US47147,"Robertson County, Tennessee",8.5,6024,Robertson County, Tennessee
677,0500000US47149,"Rutherford County, Tennessee",9.0,29846,Rutherford County, Tennessee
678,0500000US47155,"Sevier County, Tennessee",15.0,14539,Sevier County, Tennessee
679,0500000US47157,"Shelby County, Tennessee",12.1,111728,Shelby County, Tennessee
680,0500000US47163,"Sullivan County, Tennessee",9.6,15047,Sullivan County, Tennessee
681,0500000US47165,"Sumner County, Tennessee",8.4,15829,Sumner County, Tennessee
682,0500000US47179,"Washington County, Tennessee",9.7,12349,Washington County, Tennessee
683,0500000US47187,"Williamson County, Tennessee",4.4,10575,Williamson County, Tennessee
684,0500000US47189,"Wilson County, Tennessee",7.2,10388,Wilson County, Tennessee
685,0500000US48005,"Angelina County, Texas",17.6,14979,Angelina County, Texas
686,0500000US48021,"Bastrop County, Texas",22.4,19386,Bastrop County, Texas
687,0500000US48027,"Bell County, Texas",15.0,50851,Bell County, Texas
688,0500000US48029,"Bexar County, Texas",16.9,332400,Bexar County, Texas
689,0500000US48037,"Bowie County, Texas",15.6,13599,Bowie County, Texas
690,0500000US48039,"Brazoria County, Texas",14.5,52328,Brazoria County, Texas
691,0500000US48041,"Brazos County, Texas",12.7,28504,Brazos County, Texas
692,0500000US48061,"Cameron County, Texas",30.0,126412,Cameron County, Texas
693,0500000US48085,"Collin County, Texas",11.1,114528,Collin County, Texas
694,0500000US48091,"Comal County, Texas",10.0,15486,Comal County, Texas
695,0500000US48099,"Coryell County, Texas",11.9,6986,Coryell County, Texas
696,0500000US48113,"Dallas County, Texas",22.9,600318,Dallas County, Texas
697,0500000US48121,"Denton County, Texas",11.7,103230,Denton County, Texas
698,0500000US48135,"Ector County, Texas",21.8,35973,Ector County, Texas
699,0500000US48139,"Ellis County, Texas",16.3,30021,Ellis County, Texas
700,0500000US48141,"El Paso County, Texas",22.2,180847,El Paso County, Texas
701,0500000US48157,"Fort Bend County, Texas",13.4,107860,Fort Bend County, Texas
702,0500000US48167,"Galveston County, Texas",14.2,47974,Galveston County, Texas
703,0500000US48181,"Grayson County, Texas",19.5,26279,Grayson County, Texas
704,0500000US48183,"Gregg County, Texas",19.8,23971,Gregg County, Texas
705,0500000US48187,"Guadalupe County, Texas",13.5,22154,Guadalupe County, Texas
706,0500000US48201,"Harris County, Texas",22.4,1048228,Harris County, Texas
707,0500000US48203,"Harrison County, Texas",17.8,11733,Harrison County, Texas
708,0500000US48209,"Hays County, Texas",13.6,31004,Hays County, Texas
709,0500000US48213,"Henderson County, Texas",20.1,16397,Henderson County, Texas
710,0500000US48215,"Hidalgo County, Texas",32.2,276779,Hidalgo County, Texas
711,0500000US48231,"Hunt County, Texas",15.2,14813,Hunt County, Texas
712,0500000US48245,"Jefferson County, Texas",20.4,48711,Jefferson County, Texas
713,0500000US48251,"Johnson County, Texas",18.3,31638,Johnson County, Texas
714,0500000US48257,"Kaufman County, Texas",13.4,18075,Kaufman County, Texas
715,0500000US48291,"Liberty County, Texas",22.3,18136,Liberty County, Texas
716,0500000US48303,"Lubbock County, Texas",14.0,42985,Lubbock County, Texas
717,0500000US48309,"McLennan County, Texas",13.1,33136,McLennan County, Texas
718,0500000US48329,"Midland County, Texas",16.0,27999,Midland County, Texas
719,0500000US48339,"Montgomery County, Texas",13.8,83336,Montgomery County, Texas
720,0500000US48347,"Nacogdoches County, Texas",13.0,8392,Nacogdoches County, Texas
721,0500000US48355,"Nueces County, Texas",17.5,62571,Nueces County, Texas
722,0500000US48361,"Orange County, Texas",13.6,11213,Orange County, Texas
723,0500000US48367,"Parker County, Texas",14.0,19779,Parker County, Texas
724,0500000US48375,"Potter County, Texas",23.9,26514,Potter County, Texas
725,0500000US48381,"Randall County, Texas",8.5,11632,Randall County, Texas
726,0500000US48397,"Rockwall County, Texas",12.5,13067,Rockwall County, Texas
727,0500000US48409,"San Patricio County, Texas",14.5,9529,San Patricio County, Texas
728,0500000US48423,"Smith County, Texas",17.0,39217,Smith County, Texas
729,0500000US48439,"Tarrant County, Texas",16.7,347813,Tarrant County, Texas
730,0500000US48441,"Taylor County, Texas",17.2,22527,Taylor County, Texas
731,0500000US48451,"Tom Green County, Texas",12.3,14030,Tom Green County, Texas
732,0500000US48453,"Travis County, Texas",14.1,178539,Travis County, Texas
733,0500000US48469,"Victoria County, Texas",19.9,18078,Victoria County, Texas
734,0500000US48471,"Walker County, Texas",10.2,6214,Walker County, Texas
735,0500000US48479,"Webb County, Texas",28.7,78809,Webb County, Texas
736,0500000US48485,"Wichita County, Texas",15.1,17957,Wichita County, Texas
737,0500000US48491,"Williamson County, Texas",10.0,58877,Williamson County, Texas
738,0500000US48497,"Wise County, Texas",19.2,13274,Wise County, Texas
739,0500000US49005,"Cache County, Utah",5.4,6935,Cache County, Utah
740,0500000US49011,"Davis County, Utah",7.5,26236,Davis County, Utah
741,0500000US49035,"Salt Lake County, Utah",10.2,117935,Salt Lake County, Utah
742,0500000US49045,"Tooele County, Utah",12.3,8849,Tooele County, Utah
743,0500000US49049,"Utah County, Utah",8.4,52943,Utah County, Utah
744,0500000US49053,"Washington County, Utah",14.4,25354,Washington County, Utah
745,0500000US49057,"Weber County, Utah",9.1,23352,Weber County, Utah
746,0500000US50007,"Chittenden County, Vermont",3.2,5170,Chittenden County, Vermont
747,0500000US51003,"Albemarle County, Virginia",4.0,4274,Albemarle County, Virginia
748,0500000US51013,"Arlington County, Virginia",5.6,12898,Arlington County, Virginia
749,0500000US51015,"Augusta County, Virginia",7.5,5299,Augusta County, Virginia
750,0500000US51019,"Bedford County, Virginia",5.2,4127,Bedford County, Virginia
751,0500000US51041,"Chesterfield County, Virginia",8.7,30474,Chesterfield County, Virginia
752,0500000US51059,"Fairfax County, Virginia",8.5,95768,Fairfax County, Virginia
753,0500000US51061,"Fauquier County, Virginia",9.7,6861,Fauquier County, Virginia
754,0500000US51069,"Frederick County, Virginia",7.5,6633,Frederick County, Virginia
755,0500000US51085,"Hanover County, Virginia",4.5,4856,Hanover County, Virginia
756,0500000US51087,"Henrico County, Virginia",6.8,22367,Henrico County, Virginia
757,0500000US51095,"James City County, Virginia",2.5,1897,James City County, Virginia
758,0500000US51107,"Loudoun County, Virginia",4.7,19236,Loudoun County, Virginia
759,0500000US51121,"Montgomery County, Virginia",5.7,5542,Montgomery County, Virginia
760,0500000US51153,"Prince William County, Virginia",11.3,52336,Prince William County, Virginia
761,0500000US51161,"Roanoke County, Virginia",5.2,4843,Roanoke County, Virginia
762,0500000US51165,"Rockingham County, Virginia",8.4,6886,Rockingham County, Virginia
763,0500000US51177,"Spotsylvania County, Virginia",7.3,9839,Spotsylvania County, Virginia
764,0500000US51179,"Stafford County, Virginia",7.3,10737,Stafford County, Virginia
765,0500000US51199,"York County, Virginia",4.1,2659,York County, Virginia
766,0500000US51510,"Alexandria city, Virginia",8.3,12936,Alexandria city, Virginia
767,0500000US51550,"Chesapeake city, Virginia",7.6,17772,Chesapeake city, Virginia
768,0500000US51650,"Hampton city, Virginia",6.6,8428,Hampton city, Virginia
769,0500000US51680,"Lynchburg city, Virginia",8.4,6808,Lynchburg city, Virginia
770,0500000US51700,"Newport News city, Virginia",10.2,17296,Newport News city, Virginia
771,0500000US51710,"Norfolk city, Virginia",10.6,22479,Norfolk city, Virginia
772,0500000US51740,"Portsmouth city, Virginia",7.4,6525,Portsmouth city, Virginia
773,0500000US51760,"Richmond city, Virginia",11.6,26388,Richmond city, Virginia
774,0500000US51770,"Roanoke city, Virginia",9.4,9198,Roanoke city, Virginia
775,0500000US51800,"Suffolk city, Virginia",5.7,5148,Suffolk city, Virginia
776,0500000US51810,"Virginia Beach city, Virginia",6.4,27054,Virginia Beach city, Virginia
777,0500000US53005,"Benton County, Washington",8.2,16571,Benton County, Washington
778,0500000US53007,"Chelan County, Washington",12.5,9559,Chelan County, Washington
779,0500000US53009,"Clallam County, Washington",7.2,5451,Clallam County, Washington
780,0500000US53011,"Clark County, Washington",6.1,29557,Clark County, Washington
781,0500000US53015,"Cowlitz County, Washington",5.1,5617,Cowlitz County, Washington
782,0500000US53021,"Franklin County, Washington",18.2,16862,Franklin County, Washington
783,0500000US53025,"Grant County, Washington",13.4,13063,Grant County, Washington
784,0500000US53027,"Grays Harbor County, Washington",7.1,5135,Grays Harbor County, Washington
785,0500000US53029,"Island County, Washington",5.1,3963,Island County, Washington
786,0500000US53033,"King County, Washington",5.5,123372,King County, Washington
787,0500000US53035,"Kitsap County, Washington",4.9,12329,Kitsap County, Washington
788,0500000US53041,"Lewis County, Washington",7.0,5622,Lewis County, Washington
789,0500000US53045,"Mason County, Washington",6.0,3922,Mason County, Washington
790,0500000US53053,"Pierce County, Washington",6.5,57718,Pierce County, Washington
791,0500000US53057,"Skagit County, Washington",8.0,10154,Skagit County, Washington
792,0500000US53061,"Snohomish County, Washington",6.3,50762,Snohomish County, Washington
793,0500000US53063,"Spokane County, Washington",5.8,29522,Spokane County, Washington
794,0500000US53067,"Thurston County, Washington",5.3,15099,Thurston County, Washington
795,0500000US53073,"Whatcom County, Washington",6.8,15548,Whatcom County, Washington
796,0500000US53077,"Yakima County, Washington",13.9,34468,Yakima County, Washington
797,0500000US54003,"Berkeley County, West Virginia",8.7,10397,Berkeley County, West Virginia
798,0500000US54011,"Cabell County, West Virginia",9.3,8428,Cabell County, West Virginia
799,0500000US54033,"Harrison County, West Virginia",5.3,3492,Harrison County, West Virginia
800,0500000US54039,"Kanawha County, West Virginia",6.6,11650,Kanawha County, West Virginia
801,0500000US54061,"Monongalia County, West Virginia",4.4,4562,Monongalia County, West Virginia
802,0500000US54081,"Raleigh County, West Virginia",5.9,4209,Raleigh County, West Virginia
803,0500000US54107,"Wood County, West Virginia",5.4,4450,Wood County, West Virginia
804,0500000US55009,"Brown County, Wisconsin",5.9,15443,Brown County, Wisconsin
805,0500000US55025,"Dane County, Wisconsin",3.6,19555,Dane County, Wisconsin
806,0500000US55027,"Dodge County, Wisconsin",3.8,3214,Dodge County, Wisconsin
807,0500000US55035,"Eau Claire County, Wisconsin",8.1,8378,Eau Claire County, Wisconsin
808,0500000US55039,"Fond du Lac County, Wisconsin",4.0,4064,Fond du Lac County, Wisconsin
809,0500000US55055,"Jefferson County, Wisconsin",4.8,4030,Jefferson County, Wisconsin
810,0500000US55059,"Kenosha County, Wisconsin",8.1,13587,Kenosha County, Wisconsin
811,0500000US55063,"La Crosse County, Wisconsin",4.0,4713,La Crosse County, Wisconsin
812,0500000US55071,"Manitowoc County, Wisconsin",4.7,3717,Manitowoc County, Wisconsin
813,0500000US55073,"Marathon County, Wisconsin",6.1,8198,Marathon County, Wisconsin
814,0500000US55079,"Milwaukee County, Wisconsin",7.4,69420,Milwaukee County, Wisconsin
815,0500000US55087,"Outagamie County, Wisconsin",6.4,11839,Outagamie County, Wisconsin
816,0500000US55089,"Ozaukee County, Wisconsin",2.7,2357,Ozaukee County, Wisconsin
817,0500000US55097,"Portage County, Wisconsin",5.1,3562,Portage County, Wisconsin
818,0500000US55101,"Racine County, Wisconsin",6.2,11819,Racine County, Wisconsin
819,0500000US55105,"Rock County, Wisconsin",4.9,7890,Rock County, Wisconsin
820,0500000US55109,"St. Croix County, Wisconsin",3.1,2775,St. Croix County, Wisconsin
821,0500000US55117,"Sheboygan County, Wisconsin",4.9,5535,Sheboygan County, Wisconsin
822,0500000US55127,"Walworth County, Wisconsin",6.1,6318,Walworth County, Wisconsin
823,0500000US55131,"Washington County, Wisconsin",4.5,6083,Washington County, Wisconsin
824,0500000US55133,"Waukesha County, Wisconsin",3.0,12034,Waukesha County, Wisconsin
825,0500000US55139,"Winnebago County, Wisconsin",5.2,8631,Winnebago County, Wisconsin
826,0500000US55141,"Wood County, Wisconsin",3.1,2258,Wood County, Wisconsin
827,0500000US56021,"Laramie County, Wyoming",7.4,7063,Laramie County, Wyoming
828,0500000US56025,"Natrona County, Wyoming",12.2,9652,Natrona County, Wyoming
829,0500000US72013,"Arecibo Municipio, Puerto Rico",7.6,6202,Arecibo Municipio, Puerto Rico
830,0500000US72021,"Bayamón Municipio, Puerto Rico",8.6,14181,Bayamón Municipio, Puerto Rico
831,0500000US72025,"Caguas Municipio, Puerto Rico",7.3,9022,Caguas Municipio, Puerto Rico
832,0500000US72031,"Carolina Municipio, Puerto Rico",9.8,14295,Carolina Municipio, Puerto Rico
833,0500000US72061,"Guaynabo Municipio, Puerto Rico",6.4,5339,Guaynabo Municipio, Puerto Rico
834,0500000US72097,"Mayagüez Municipio, Puerto Rico",5.3,3733,Mayagüez Municipio, Puerto Rico
835,0500000US72113,"Ponce Municipio, Puerto Rico",5.2,6662,Ponce Municipio, Puerto Rico
836,0500000US72127,"San Juan Municipio, Puerto Rico",10.2,32069,San Juan Municipio, Puerto Rico
837,0500000US72135,"Toa Alta Municipio, Puerto Rico",6.2,4477,Toa Alta Municipio, Puerto Rico
838,0500000US72137,"Toa Baja Municipio, Puerto Rico",7.9,5838,Toa Baja Municipio, Puerto Rico
839,0500000US72139,"Trujillo Alto Municipio, Puerto Rico",6.1,3846,Trujillo Alto Municipio, Puerto Rico
